Workbook
Name Estimativa: Simulador!$D$22
Name Perfil_invet: Simulador!$I$17
Name Período: Simulador!$D$19
Name QTD.Acumulada: Simulador!$D$21
Name Red.Cart: Simulador!$D$13
Name Tx.Mensal: Simulador!$D$20
Name V.Aplicado: Simulador!$D$18

Sheet Simulador
B9: Cliente: Rita Terra | F9: Período estimado | I9: Dividendo
F10: Período de | G10: 2 | H10: =ABS(FV($D$20,G10*12,$D$18)) -> 10379.067 | I10: =(H10*$D$13) -> 101.71485
B11: Projeção de investimento sugerida | F11: Período de | G11: 4 | H11: =ABS(FV($D$20,G11*12,$D$18)) -> 26267.499 | I11: =(H11*$D$13) -> 257.42149
B12: Salário | D12: 2200 | F12: Período de | G12: 6 | H12: =ABS(FV($D$20,G12*12,$D$18)) -> 50589.751 | I12: =(H12*$D$13) -> 495.77956
B13: Rendimento Carteira | D13: 0.0098 | F13: Período de | G13: 8 | H13: =ABS(FV($D$20,G13*12,$D$18)) -> 87822.623 | I13: =(H13*$D$13) -> 860.66171
B14: Sugestão de Investimento | C14: 0.3 | D14: =(D12*C14) -> 660 | F14: Período de | G14: 10 | H14: =ABS(FV($D$20,G14*12,$D$18)) -> 144819.27 | I14: =(H14*$D$13) -> 1419.2288
B17: Invest Ment Mensal | F17: Perfil de investimento | I17: Médio
B18: Valor Aplicado | D18: 350 | F18: Sugestão de valor aplicado | I18: =V.Aplicado -> 350
B19: Período | D19: 36
B20: Taxa mensal % | D20: 0.0179
B21: Quantia Acumulada | D21: =ABS(FV(D20,D19,D18)) -> 17480.8
B22: Estimativa Mensal | D22: =(D21*D13) -> 171.31184
B25: TIPO DE FII | C25: %Sugerido | D25: Valores
B26: Papel | C26: =VLOOKUP(Perfil_invet&"-"&B26,'Chave Composta'!$A$1:$D$19,4,FALSE) -> 0.32 | D26: =(C26*$I$18) -> 112
B27: Tijolo | C27: =VLOOKUP(Perfil_invet&"-"&B27,'Chave Composta'!$A$1:$D$19,4,FALSE) -> 0.35 | D27: =(C27*$I$18) -> 122.5
B28: Híbridos | C28: =VLOOKUP(Perfil_invet&"-"&B28,'Chave Composta'!$A$1:$D$19,4,FALSE) -> 0.08 | D28: =(C28*$I$18) -> 28
B29: FOFs | C29: =VLOOKUP(Perfil_invet&"-"&B29,'Chave Composta'!$A$1:$D$19,4,FALSE) -> 0.05 | D29: =(C29*$I$18) -> 17.5
B30: Desenvolvimento | C30: =VLOOKUP(Perfil_invet&"-"&B30,'Chave Composta'!$A$1:$D$19,4,FALSE) -> 0.1 | D30: =(C30*$I$18) -> 35
B31: Hotelarias | C31: =VLOOKUP(Perfil_invet&"-"&B31,'Chave Composta'!$A$1:$D$19,4,FALSE) -> 0.1 | D31: =(C31*$I$18) -> 35

Sheet Chave Composta
A1: CHAVE | B1: PERFIL | C1: TIPO DE FII | D1: %
A2: =B2&"-"&C2 -> Baixo-PAPEL | B2: Baixo | C2: PAPEL | D2: 0.3
A3: =B3&"-"&C3 -> Baixo-TIJOLO | B3: Baixo | C3: TIJOLO | D3: 0.5
A4: =B4&"-"&C4 -> Baixo-HÍBRIDOS | B4: Baixo | C4: HÍBRIDOS | D4: 0.1 | G4: %
A5: =B5&"-"&C5 -> Baixo-FOFs | B5: Baixo | C5: FOFs | D5: 0.1 | F5: Alto-Papel | G5: =VLOOKUP(F5,A1:D19,4,FALSE) -> 0.5
A6: =B6&"-"&C6 -> Baixo-DESENVOLVIMENTO | B6: Baixo | C6: DESENVOLVIMENTO | D6: 0
A7: =B7&"-"&C7 -> Baixo-HOTELARIAS | B7: Baixo | C7: HOTELARIAS | D7: 0
A8: =B8&"-"&C8 -> Médio-PAPEL | B8: Médio | C8: PAPEL | D8: 0.32
A9: =B9&"-"&C9 -> Médio-TIJOLO | B9: Médio | C9: TIJOLO | D9: 0.35
A10: =B10&"-"&C10 -> Médio-HÍBRIDOS | B10: Médio | C10: HÍBRIDOS | D10: 0.08
A11: =B11&"-"&C11 -> Médio-FOFs | B11: Médio | C11: FOFs | D11: 0.05
A12: =B12&"-"&C12 -> Médio-DESENVOLVIMENTO | B12: Médio | C12: DESENVOLVIMENTO | D12: 0.1
A13: =B13&"-"&C13 -> Médio-HOTELARIAS | B13: Médio | C13: HOTELARIAS | D13: 0.1
A14: =B14&"-"&C14 -> Alto-PAPEL | B14: Alto | C14: PAPEL | D14: 0.5
A15: =B15&"-"&C15 -> Alto-TIJOLO | B15: Alto | C15: TIJOLO | D15: 0.1
A16: =B16&"-"&C16 -> Alto-HÍBRIDOS | B16: Alto | C16: HÍBRIDOS | D16: 0.05
A17: =B17&"-"&C17 -> Alto-FOFs | B17: Alto | C17: FOFs | D17: 0.05
... A19: =B19&"-"&C19 -> Alto-HOTELARIAS | B19: Alto | C19: HOTELARIAS | D19: 0.1
